{"cameraMode":{"drawMode":0,"name":"Shaded","section":"Shading Mode"},"sceneLighting":false,"audioPlay":false,"sceneViewState":{"m_AlwaysRefresh":false,"showFog":true,"showSkybox":true,"showFlares":true,"showImageEffects":true,"showParticleSystems":true,"showVisualEffectGraphs":true,"m_FxEnabled":true},"in2DMode":false,"pivot":{"x":7.519000053405762,"y":0.050999999046325687,"z":0.006999969482421875},"rotation":{"x":-0.05577000230550766,"y":-0.018872104585170747,"z":0.001054273103363812,"w":-0.9982632994651794},"size":1.4142146110534669,"orthographic":false}