{"cameraMode":{"drawMode":0,"name":"Shaded","section":"Shading Mode"},"sceneLighting":false,"audioPlay":false,"sceneViewState":{"m_AlwaysRefresh":false,"showFog":true,"showSkybox":true,"showFlares":true,"showImageEffects":true,"showParticleSystems":true,"showVisualEffectGraphs":true,"m_FxEnabled":true},"in2DMode":false,"pivot":{"x":1.4107054471969605,"y":0.8271905779838562,"z":4.67399787902832},"rotation":{"x":0.12321985512971878,"y":0.15620487928390504,"z":0.019646018743515016,"w":-0.9798111915588379},"size":0.0005821633385494351,"orthographic":false}