{"cameraMode":{"drawMode":0,"name":"Shaded","section":"Shading Mode"},"sceneLighting":false,"audioPlay":false,"sceneViewState":{"m_AlwaysRefresh":false,"showFog":true,"showSkybox":true,"showFlares":true,"showImageEffects":true,"showParticleSystems":true,"showVisualEffectGraphs":true,"m_FxEnabled":true},"in2DMode":false,"pivot":{"x":2.8382327556610109,"y":1.4685057401657105,"z":8.709969520568848},"rotation":{"x":-0.03929641470313072,"y":-0.011393639259040356,"z":0.00044889230048283935,"w":-0.9991598725318909},"size":1.9250398874282838,"orthographic":false}