{"cameraMode":{"drawMode":0,"name":"Shaded","section":"Shading Mode"},"sceneLighting":false,"audioPlay":false,"sceneViewState":{"m_AlwaysRefresh":false,"showFog":true,"showSkybox":true,"showFlares":true,"showImageEffects":true,"showParticleSystems":true,"showVisualEffectGraphs":true,"m_FxEnabled":true},"in2DMode":false,"pivot":{"x":-0.0944007858633995,"y":0.11688624322414398,"z":0.021388888359069825},"rotation":{"x":-0.048281654715538028,"y":-0.01887945830821991,"z":0.0009135325090028346,"w":-0.9986522197723389},"size":2.7911808490753176,"orthographic":false}