{"cameraMode":{"drawMode":0,"name":"Shaded","section":"Shading Mode"},"sceneLighting":false,"audioPlay":false,"sceneViewState":{"m_AlwaysRefresh":false,"showFog":true,"showSkybox":true,"showFlares":true,"showImageEffects":true,"showParticleSystems":true,"showVisualEffectGraphs":true,"m_FxEnabled":true},"in2DMode":false,"pivot":{"x":0.7242242693901062,"y":1.541963815689087,"z":4.568693161010742},"rotation":{"x":-0.02878546714782715,"y":-0.03687877580523491,"z":0.0010650345357134939,"w":-0.9988991022109985},"size":1.7320507764816285,"orthographic":false}