{"cameraMode":{"drawMode":0,"name":"Shaded","section":"Shading Mode"},"sceneLighting":false,"audioPlay":false,"sceneViewState":{"m_AlwaysRefresh":false,"showFog":true,"showSkybox":true,"showFlares":true,"showImageEffects":true,"showParticleSystems":true,"showVisualEffectGraphs":true,"m_FxEnabled":true},"in2DMode":false,"pivot":{"x":0.08512452244758606,"y":1.3905937671661378,"z":6.082632064819336},"rotation":{"x":0.028184445574879648,"y":0.012591775506734848,"z":0.0003575525770429522,"w":-0.9995169639587402},"size":0.25835713744163515,"orthographic":false}