{"cameraMode":{"drawMode":0,"name":"Shaded","section":"Shading Mode"},"sceneLighting":false,"audioPlay":false,"sceneViewState":{"m_AlwaysRefresh":false,"showFog":true,"showSkybox":true,"showFlares":true,"showImageEffects":true,"showParticleSystems":true,"showVisualEffectGraphs":true,"m_FxEnabled":true},"in2DMode":false,"pivot":{"x":1.8377634286880494,"y":2.6065897941589357,"z":1.616654634475708},"rotation":{"x":-0.06326141953468323,"y":-0.012876479886472226,"z":0.0008180476143024862,"w":-0.9979097843170166},"size":0.9344694018363953,"orthographic":false}