{"cameraMode":{"drawMode":0,"name":"Shaded","section":"Shading Mode"},"sceneLighting":false,"audioPlay":false,"sceneViewState":{"m_AlwaysRefresh":false,"showFog":true,"showSkybox":true,"showFlares":true,"showImageEffects":true,"showParticleSystems":true,"showVisualEffectGraphs":true,"m_FxEnabled":true},"in2DMode":false,"pivot":{"x":0.6384406089782715,"y":1.1739534139633179,"z":2.0777528285980226},"rotation":{"x":-0.08113386482000351,"y":-0.04573483392596245,"z":0.0037277184892445804,"w":-0.995643675327301},"size":2.7354578971862795,"orthographic":false}