{"cameraMode":{"drawMode":0,"name":"Shaded","section":"Shading Mode"},"sceneLighting":false,"audioPlay":false,"sceneViewState":{"m_AlwaysRefresh":false,"showFog":true,"showSkybox":true,"showFlares":true,"showImageEffects":true,"showParticleSystems":true,"showVisualEffectGraphs":true,"m_FxEnabled":true},"in2DMode":false,"pivot":{"x":2.549764394760132,"y":3.3422985076904299,"z":-4.852068901062012},"rotation":{"x":-0.16750915348529817,"y":-0.008283686824142933,"z":0.001409302232787013,"w":-0.9858307838439941},"size":2.504234552383423,"orthographic":false}