{"cameraMode":{"drawMode":0,"name":"Shaded","section":"Shading Mode"},"sceneLighting":false,"audioPlay":false,"sceneViewState":{"m_AlwaysRefresh":false,"showFog":true,"showSkybox":true,"showFlares":true,"showImageEffects":true,"showParticleSystems":true,"showVisualEffectGraphs":true,"m_FxEnabled":true},"in2DMode":false,"pivot":{"x":-0.395767480134964,"y":1.4601686000823975,"z":0.43728089332580569},"rotation":{"x":-0.22672909498214723,"y":0.09391146898269654,"z":-0.021968182176351548,"w":-0.9691663384437561},"size":0.8660253882408142,"orthographic":false}