{"cameraMode":{"drawMode":0,"name":"Shaded","section":"Shading Mode"},"sceneLighting":false,"audioPlay":false,"sceneViewState":{"m_AlwaysRefresh":false,"showFog":true,"showSkybox":true,"showFlares":true,"showImageEffects":true,"showParticleSystems":true,"showVisualEffectGraphs":true,"m_FxEnabled":true},"in2DMode":false,"pivot":{"x":0.31384819746017458,"y":0.42286741733551028,"z":0.5424070358276367},"rotation":{"x":-0.24438412487506867,"y":-0.00960784312337637,"z":0.00242214766331017,"w":-0.9696245789527893},"size":0.8676707148551941,"orthographic":false}