{"cameraMode":{"drawMode":0,"name":"Shaded","section":"Shading Mode"},"sceneLighting":false,"audioPlay":false,"sceneViewState":{"m_AlwaysRefresh":false,"showFog":true,"showSkybox":true,"showFlares":true,"showImageEffects":true,"showParticleSystems":true,"showVisualEffectGraphs":true,"m_FxEnabled":true},"in2DMode":false,"pivot":{"x":5.1701459884643559,"y":1.1729227304458619,"z":0.9498084783554077},"rotation":{"x":-0.057039905339479449,"y":0.6201914548873901,"z":-0.04528927430510521,"w":-0.7810621857643127},"size":0.0005821633385494351,"orthographic":false}