{"cameraMode":{"drawMode":0,"name":"Shaded","section":"Shading Mode"},"sceneLighting":false,"audioPlay":false,"sceneViewState":{"m_AlwaysRefresh":false,"showFog":true,"showSkybox":true,"showFlares":true,"showImageEffects":true,"showParticleSystems":true,"showVisualEffectGraphs":true,"m_FxEnabled":true},"in2DMode":false,"pivot":{"x":-0.3830000162124634,"y":0.9990000128746033,"z":3.1630001068115236},"rotation":{"x":-0.06324995309114456,"y":0.023048892617225648,"z":-0.0014602993614971638,"w":-0.9977274537086487},"size":1.8312392234802247,"orthographic":false}